"","MI.T","MI.S","MI.I","GearyC.T","GearyC.S","GearyC.I","Lee.TI","Lee.TS","Lee.IS","MH.TS","MH.TI","MH.IS","BC.TS","BC.TI","BC.IS","CE.T","CE.S","CE.I"
"1",0.53741229558543,0.795034162094782,0.537486167928893,0.487545135950778,0.216591639300159,0.49242649485699,0.220711202627841,0.417812923296385,0.500276692305374,0.475172230007077,0.259447724429088,0.75142407466776,0.862780037940917,0.937872892075345,0.918256627268561,0.421061043628716,0.677308022825412,0.502542532434072
